f1,f2,f3,f4,f5,f6,f7,f8,f9,f10
REZ5N,REZ5NJ48HIF3,REZ,RE,REZ5NJ48HIF3X,REZ5NJ4,REZ5NJ48HI,REZ5NJ48HIF3X,REZ5NJ48HIF3X2QC5NJ0,REZ5NJ48HIF3X
KWS5K,KWS5KFCQ4T0C,KWS,KW,KWS5KFCQ4T0CN,KWS5KFC,KWS5KFCQ4T,KWS5KFCQ4T0CN,KWS5KFCQ4T0CNIA2V9PO,KWS5KFCQ4T0CN
ULZUR,ULZURENV4K53,ULZ,UL,ULZURENV4K53B,ULZUREN,ULZURENV4K,ULZURENV4K53B,ULZURENV4K53B4MJOZ2C,ULZURENV4K53B
HNTJX,HNTJXVJQ8YC8,HNT,HN,HNTJXVJQ8YC8L,HNTJXVJ,HNTJXVJQ8Y,HNTJXVJQ8YC8L,HNTJXVJQ8YC8LVPXYONY,HNTJXVJQ8YC8L
IPLUI,IPLUI2NC412V,IPL,IP,IPLUI2NC412V8,IPLUI2N,IPLUI2NC41,IPLUI2NC412V8,IPLUI2NC412V8EFMZHRA,IPLUI2NC412V8
791PC,791PCW1IH5C2,791,79,791PCW1IH5C2I,791PCW1,791PCW1IH5,791PCW1IH5C2I,791PCW1IH5C2IJAPP3KD,791PCW1IH5C2I
FMD2J,FMD2JPGKZO3T,FMD,FM,FMD2JPGKZO3TZ,FMD2JPG,FMD2JPGKZO,FMD2JPGKZO3TZ,FMD2JPGKZO3TZLHI6XP1,FMD2JPGKZO3TZ
10Q84,10Q84UORSQMB,10Q,10,10Q84UORSQMBY,10Q84UO,10Q84UORSQ,10Q84UORSQMBY,10Q84UORSQMBY8ROXWY9,10Q84UORSQMBY
VJVET,VJVETD9VKLF3,VJV,VJ,VJVETD9VKLF3G,VJVETD9,VJVETD9VKL,VJVETD9VKLF3G,VJVETD9VKLF3G3FIBEPV,VJVETD9VKLF3G
NQNSV,NQNSVGKPQKR9,NQN,NQ,NQNSVGKPQKR9B,NQNSVGK,NQNSVGKPQK,NQNSVGKPQKR9B,NQNSVGKPQKR9BGGU66A2,NQNSVGKPQKR9B
JIAAL,JIAALW91MHLG,JIA,JI,JIAALW91MHLG7,JIAALW9,JIAALW91MH,JIAALW91MHLG7,JIAALW91MHLG7MRMT9TD,JIAALW91MHLG7
ZG3JT,ZG3JTFLI5OOS,ZG3,ZG,ZG3JTFLI5OOSO,ZG3JTFL,ZG3JTFLI5O,ZG3JTFLI5OOSO,ZG3JTFLI5OOSOTSM8RXB,ZG3JTFLI5OOSO
PBU1L,PBU1L6QZ0TBT,PBU,PB,PBU1L6QZ0TBTH,PBU1L6Q,PBU1L6QZ0T,PBU1L6QZ0TBTH,PBU1L6QZ0TBTH4IVMI75,PBU1L6QZ0TBTH
J5VY5,J5VY5E18GHEV,J5V,J5,J5VY5E18GHEVS,J5VY5E1,J5VY5E18GH,J5VY5E18GHEVS,J5VY5E18GHEVS062Q1TE,J5VY5E18GHEVS
40LBA,40LBAHZ4RCK3,40L,40,40LBAHZ4RCK36,40LBAHZ,40LBAHZ4RC,40LBAHZ4RCK36,40LBAHZ4RCK36ERZ9LBG,40LBAHZ4RCK36
KY7CR,KY7CRWFLW2VI,KY7,KY,KY7CRWFLW2VIZ,KY7CRWF,KY7CRWFLW2,KY7CRWFLW2VIZ,KY7CRWFLW2VIZ4OGI31J,KY7CRWFLW2VIZ
C8COI,C8COI9A43901,C8C,C8,C8COI9A43901L,C8COI9A,C8COI9A439,C8COI9A43901L,C8COI9A43901LOZVKU2X,C8COI9A43901L
J13XV,J13XV54YREUE,J13,J1,J13XV54YREUEE,J13XV54,J13XV54YRE,J13XV54YREUEE,J13XV54YREUEE6T3NO0Q,J13XV54YREUEE
V85XD,V85XDV7EP6NU,V85,V8,V85XDV7EP6NUX,V85XDV7,V85XDV7EP6,V85XDV7EP6NUX,V85XDV7EP6NUXWG8I262,V85XDV7EP6NUX
FJX7V,FJX7VGI7FODR,FJX,FJ,FJX7VGI7FODRL,FJX7VGI,FJX7VGI7FO,FJX7VGI7FODRL,FJX7VGI7FODRLQI7OL42,FJX7VGI7FODRL
NO9VA,NO9VAXXC2V92,NO9,NO,NO9VAXXC2V923,NO9VAXX,NO9VAXXC2V,NO9VAXXC2V923,NO9VAXXC2V923LSJ3UVW,NO9VAXXC2V923
N6BOH,N6BOHFZQ1FZX,N6B,N6,N6BOHFZQ1FZX8,N6BOHFZ,N6BOHFZQ1F,N6BOHFZQ1FZX8,N6BOHFZQ1FZX88GVB1HS,N6BOHFZQ1FZX8
9R1PI,9R1PIJHEDGMF,9R1,9R,9R1PIJHEDGMFV,9R1PIJH,9R1PIJHEDG,9R1PIJHEDGMFV,9R1PIJHEDGMFVB1LBQ0B,9R1PIJHEDGMFV
1K0RF,1K0RFYTE34BD,1K0,1K,1K0RFYTE34BDP,1K0RFYT,1K0RFYTE34,1K0RFYTE34BDP,1K0RFYTE34BDPDDZLD7I,1K0RFYTE34BDP
TL1MR,TL1MRQQD4ZD8,TL1,TL,TL1MRQQD4ZD8S,TL1MRQQ,TL1MRQQD4Z,TL1MRQQD4ZD8S,TL1MRQQD4ZD8S13D5WBS,TL1MRQQD4ZD8S
R1QW8,R1QW85AH17EW,R1Q,R1,R1QW85AH17EWW,R1QW85A,R1QW85AH17,R1QW85AH17EWW,R1QW85AH17EWWQGGOHLI,R1QW85AH17EWW
V1HQX,V1HQX24I2HQ5,V1H,V1,V1HQX24I2HQ5Q,V1HQX24,V1HQX24I2H,V1HQX24I2HQ5Q,V1HQX24I2HQ5QU6XLOWT,V1HQX24I2HQ5Q
WH6P5,WH6P5UU6Y43J,WH6,WH,WH6P5UU6Y43JH,WH6P5UU,WH6P5UU6Y4,WH6P5UU6Y43JH,WH6P5UU6Y43JHA9Y5ZRQ,WH6P5UU6Y43JH
H5B0X,H5B0XYTB73LV,H5B,H5,H5B0XYTB73LVU,H5B0XYT,H5B0XYTB73,H5B0XYTB73LVU,H5B0XYTB73LVUFXMYJ8Q,H5B0XYTB73LVU
QZ3Z8,QZ3Z8X6OT1HR,QZ3,QZ,QZ3Z8X6OT1HRK,QZ3Z8X6,QZ3Z8X6OT1,QZ3Z8X6OT1HRK,QZ3Z8X6OT1HRK9VY93YJ,QZ3Z8X6OT1HRK
SW4H3,SW4H33LWMCQF,SW4,SW,SW4H33LWMCQFR,SW4H33L,SW4H33LWMC,SW4H33LWMCQFR,SW4H33LWMCQFR3G172B0,SW4H33LWMCQFR
66732,66732D935CAC,667,66,66732D935CAC9,66732D9,66732D935C,66732D935CAC9,66732D935CAC9H7KN3DZ,66732D935CAC9
YBFVB,YBFVBLR4ZH4C,YBF,YB,YBFVBLR4ZH4CX,YBFVBLR,YBFVBLR4ZH,YBFVBLR4ZH4CX,YBFVBLR4ZH4CX4BY9YZK,YBFVBLR4ZH4CX
7DME6,7DME64CFX64K,7DM,7D,7DME64CFX64K9,7DME64C,7DME64CFX6,7DME64CFX64K9,7DME64CFX64K9R1H5H6X,7DME64CFX64K9
CQ20V,CQ20VRO28537,CQ2,CQ,CQ20VRO28537L,CQ20VRO,CQ20VRO285,CQ20VRO28537L,CQ20VRO28537LJCL8OKT,CQ20VRO28537L
0U9PO,0U9POLYFLX79,0U9,0U,0U9POLYFLX797,0U9POLY,0U9POLYFLX,0U9POLYFLX797,0U9POLYFLX7977MIC8LM,0U9POLYFLX797
ASVE3,ASVE3W3S3UQE,ASV,AS,ASVE3W3S3UQER,ASVE3W3,ASVE3W3S3U,ASVE3W3S3UQER,ASVE3W3S3UQER9CF3ZEH,ASVE3W3S3UQER
WLCOO,WLCOOXQ8L7CN,WLC,WL,WLCOOXQ8L7CN3,WLCOOXQ,WLCOOXQ8L7,WLCOOXQ8L7CN3,WLCOOXQ8L7CN3QM7ZBLD,WLCOOXQ8L7CN3
V467Z,V467Z3JH9I7A,V46,V4,V467Z3JH9I7AV,V467Z3J,V467Z3JH9I,V467Z3JH9I7AV,V467Z3JH9I7AVJ8DTJXD,V467Z3JH9I7AV
UZ06G,UZ06G65FVAEW,UZ0,UZ,UZ06G65FVAEW5,UZ06G65,UZ06G65FVA,UZ06G65FVAEW5,UZ06G65FVAEW5Z6RUUOZ,UZ06G65FVAEW5
K7K84,K7K84Y1FHNKM,K7K,K7,K7K84Y1FHNKMR,K7K84Y1,K7K84Y1FHN,K7K84Y1FHNKMR,K7K84Y1FHNKMRD7D6MR7,K7K84Y1FHNKMR
JHSY2,JHSY2RK9UUH6,JHS,JH,JHSY2RK9UUH69,JHSY2RK,JHSY2RK9UU,JHSY2RK9UUH69,JHSY2RK9UUH69H0EMN0T,JHSY2RK9UUH69
YC2HQ,YC2HQHRNPFPI,YC2,YC,YC2HQHRNPFPIB,YC2HQHR,YC2HQHRNPF,YC2HQHRNPFPIB,YC2HQHRNPFPIBHNH2K6E,YC2HQHRNPFPIB
T9OUY,T9OUYEH8XKON,T9O,T9,T9OUYEH8XKONU,T9OUYEH,T9OUYEH8XK,T9OUYEH8XKONU,T9OUYEH8XKONUFL8QH6T,T9OUYEH8XKONU
TS9SE,TS9SEQH0M2L8,TS9,TS,TS9SEQH0M2L83,TS9SEQH,TS9SEQH0M2,TS9SEQH0M2L83,TS9SEQH0M2L83LE2U9EA,TS9SEQH0M2L83
Q156A,Q156ASZC1VG2,Q15,Q1,Q156ASZC1VG2T,Q156ASZ,Q156ASZC1V,Q156ASZC1VG2T,Q156ASZC1VG2TZQE3QN7,Q156ASZC1VG2T
GXKWJ,GXKWJKT3TEWX,GXK,GX,GXKWJKT3TEWX3,GXKWJKT,GXKWJKT3TE,GXKWJKT3TEWX3,GXKWJKT3TEWX396CADOK,GXKWJKT3TEWX3
UZLI3,UZLI3ITAVQXA,UZL,UZ,UZLI3ITAVQXAD,UZLI3IT,UZLI3ITAVQ,UZLI3ITAVQXAD,UZLI3ITAVQXAD6AFT93T,UZLI3ITAVQXAD
BXPI8,BXPI87NZM1MK,BXP,BX,BXPI87NZM1MK3,BXPI87N,BXPI87NZM1,BXPI87NZM1MK3,BXPI87NZM1MK392237P2,BXPI87NZM1MK3
XMMUQ,XMMUQX7E7XI1,XMM,XM,XMMUQX7E7XI1V,XMMUQX7,XMMUQX7E7X,XMMUQX7E7XI1V,XMMUQX7E7XI1VZHI1L0T,XMMUQX7E7XI1V
TOF29,TOF297DO77CF,TOF,TO,TOF297DO77CFT,TOF297D,TOF297DO77,TOF297DO77CFT,TOF297DO77CFTT2K3E2K,TOF297DO77CFT
GEB0X,GEB0XBGTFCPD,GEB,GE,GEB0XBGTFCPDQ,GEB0XBG,GEB0XBGTFC,GEB0XBGTFCPDQ,GEB0XBGTFCPDQ0KNODCV,GEB0XBGTFCPDQ
J60LB,J60LBDPUYXZP,J60,J6,J60LBDPUYXZPS,J60LBDP,J60LBDPUYX,J60LBDPUYXZPS,J60LBDPUYXZPSPXDGA94,J60LBDPUYXZPS
OAU3D,OAU3DWZXFTIO,OAU,OA,OAU3DWZXFTIO6,OAU3DWZ,OAU3DWZXFT,OAU3DWZXFTIO6,OAU3DWZXFTIO6XV4IOJ8,OAU3DWZXFTIO6
MLM8K,MLM8KB8RNJ9A,MLM,ML,MLM8KB8RNJ9AR,MLM8KB8,MLM8KB8RNJ,MLM8KB8RNJ9AR,MLM8KB8RNJ9ARA8ELX26,MLM8KB8RNJ9AR
LOQ43,LOQ43U499S6H,LOQ,LO,LOQ43U499S6HS,LOQ43U4,LOQ43U499S,LOQ43U499S6HS,LOQ43U499S6HS31CAZCM,LOQ43U499S6HS
W1WJS,W1WJSEXSW61I,W1W,W1,W1WJSEXSW61IS,W1WJSEX,W1WJSEXSW6,W1WJSEXSW61IS,W1WJSEXSW61ISUV3NRF3,W1WJSEXSW61IS
7J083,7J0837PKC2K4,7J0,7J,7J0837PKC2K4H,7J0837P,7J0837PKC2,7J0837PKC2K4H,7J0837PKC2K4HNQA7H4M,7J0837PKC2K4H
YIG64,YIG64TNE1664,YIG,YI,YIG64TNE1664J,YIG64TN,YIG64TNE16,YIG64TNE1664J,YIG64TNE1664J4OHOE25,YIG64TNE1664J
YWZYM,YWZYMEZX7P3P,YWZ,YW,YWZYMEZX7P3PD,YWZYMEZ,YWZYMEZX7P,YWZYMEZX7P3PD,YWZYMEZX7P3PD6CWQMON,YWZYMEZX7P3PD
N5OXD,N5OXDAJMJELB,N5O,N5,N5OXDAJMJELBD,N5OXDAJ,N5OXDAJMJE,N5OXDAJMJELBD,N5OXDAJMJELBD443879V,N5OXDAJMJELBD
GYYLM,GYYLMPUR44PP,GYY,GY,GYYLMPUR44PPC,GYYLMPU,GYYLMPUR44,GYYLMPUR44PPC,GYYLMPUR44PPC2ZWUUYA,GYYLMPUR44PPC
XFQ75,XFQ75APVF5A1,XFQ,XF,XFQ75APVF5A1C,XFQ75AP,XFQ75APVF5,XFQ75APVF5A1C,XFQ75APVF5A1CB4JA8XZ,XFQ75APVF5A1C
DY843,DY843H04T0TB,DY8,DY,DY843H04T0TBO,DY843H0,DY843H04T0,DY843H04T0TBO,DY843H04T0TBO0BA1ZLM,DY843H04T0TBO
GGNZ2,GGNZ215GYXH2,GGN,GG,GGNZ215GYXH2P,GGNZ215,GGNZ215GYX,GGNZ215GYXH2P,GGNZ215GYXH2P4O5RF9J,GGNZ215GYXH2P
Z90QA,Z90QAX13Z1MY,Z90,Z9,Z90QAX13Z1MYG,Z90QAX1,Z90QAX13Z1,Z90QAX13Z1MYG,Z90QAX13Z1MYG59HPRBL,Z90QAX13Z1MYG
32SAP,32SAP8BK6QD8,32S,32,32SAP8BK6QD8Z,32SAP8B,32SAP8BK6Q,32SAP8BK6QD8Z,32SAP8BK6QD8ZGT890M7,32SAP8BK6QD8Z
MXAC9,MXAC92EZSJIL,MXA,MX,MXAC92EZSJIL8,MXAC92E,MXAC92EZSJ,MXAC92EZSJIL8,MXAC92EZSJIL87CL8GO5,MXAC92EZSJIL8
XWO05,XWO05CA18AHJ,XWO,XW,XWO05CA18AHJ0,XWO05CA,XWO05CA18A,XWO05CA18AHJ0,XWO05CA18AHJ0F3U0OQG,XWO05CA18AHJ0
XCU2T,XCU2TK1WPE2I,XCU,XC,XCU2TK1WPE2IF,XCU2TK1,XCU2TK1WPE,XCU2TK1WPE2IF,XCU2TK1WPE2IFWW76R9R,XCU2TK1WPE2IF
726C7,726C7MV1O3VE,726,72,726C7MV1O3VE5,726C7MV,726C7MV1O3,726C7MV1O3VE5,726C7MV1O3VE5H7LHWEW,726C7MV1O3VE5
AGMNR,AGMNR4VXYUSI,AGM,AG,AGMNR4VXYUSIW,AGMNR4V,AGMNR4VXYU,AGMNR4VXYUSIW,AGMNR4VXYUSIWYEO3XLN,AGMNR4VXYUSIW
7C413,7C413983MYEM,7C4,7C,7C413983MYEMT,7C41398,7C413983MY,7C413983MYEMT,7C413983MYEMT0QMLT5B,7C413983MYEMT
IUYB2,IUYB2K04WSZN,IUY,IU,IUYB2K04WSZN5,IUYB2K0,IUYB2K04WS,IUYB2K04WSZN5,IUYB2K04WSZN5CBFNUPV,IUYB2K04WSZN5
GY6YU,GY6YUBECKGGK,GY6,GY,GY6YUBECKGGKZ,GY6YUBE,GY6YUBECKG,GY6YUBECKGGKZ,GY6YUBECKGGKZF6NCW2L,GY6YUBECKGGKZ
KSDAX,KSDAX1AD3QDZ,KSD,KS,KSDAX1AD3QDZA,KSDAX1A,KSDAX1AD3Q,KSDAX1AD3QDZA,KSDAX1AD3QDZAUITY88H,KSDAX1AD3QDZA
52BSH,52BSHSHJ3S8I,52B,52,52BSHSHJ3S8IX,52BSHSH,52BSHSHJ3S,52BSHSHJ3S8IX,52BSHSHJ3S8IXPGYAX9N,52BSHSHJ3S8IX
JSHB2,JSHB2QYSVLUG,JSH,JS,JSHB2QYSVLUG4,JSHB2QY,JSHB2QYSVL,JSHB2QYSVLUG4,JSHB2QYSVLUG49BY4X6M,JSHB2QYSVLUG4
YUHPI,YUHPIO58KKNV,YUH,YU,YUHPIO58KKNVL,YUHPIO5,YUHPIO58KK,YUHPIO58KKNVL,YUHPIO58KKNVLC3I889C,YUHPIO58KKNVL
5TXCT,5TXCTROAGGZ8,5TX,5T,5TXCTROAGGZ8L,5TXCTRO,5TXCTROAGG,5TXCTROAGGZ8L,5TXCTROAGGZ8LIOPZYZY,5TXCTROAGGZ8L
JFX5A,JFX5A92V05N8,JFX,JF,JFX5A92V05N8L,JFX5A92,JFX5A92V05,JFX5A92V05N8L,JFX5A92V05N8LCM39PHZ,JFX5A92V05N8L
4SWIX,4SWIXUD0NYY2,4SW,4S,4SWIXUD0NYY2K,4SWIXUD,4SWIXUD0NY,4SWIXUD0NYY2K,4SWIXUD0NYY2KXZH8D1A,4SWIXUD0NYY2K
PR8TO,PR8TO4VQMM5X,PR8,PR,PR8TO4VQMM5XF,PR8TO4V,PR8TO4VQMM,PR8TO4VQMM5XF,PR8TO4VQMM5XFXIY91LC,PR8TO4VQMM5XF
DNJ7M,DNJ7MX0NU93Y,DNJ,DN,DNJ7MX0NU93Y2,DNJ7MX0,DNJ7MX0NU9,DNJ7MX0NU93Y2,DNJ7MX0NU93Y2PKKZXGN,DNJ7MX0NU93Y2
B1DOR,B1DORSA3ONHM,B1D,B1,B1DORSA3ONHMT,B1DORSA,B1DORSA3ON,B1DORSA3ONHMT,B1DORSA3ONHMTWPXXY3T,B1DORSA3ONHMT
6L9XO,6L9XOB2K83VC,6L9,6L,6L9XOB2K83VC2,6L9XOB2,6L9XOB2K83,6L9XOB2K83VC2,6L9XOB2K83VC2XXNR7FA,6L9XOB2K83VC2
6XGYW,6XGYWDCLSQ3F,6XG,6X,6XGYWDCLSQ3FC,6XGYWDC,6XGYWDCLSQ,6XGYWDCLSQ3FC,6XGYWDCLSQ3FCNMWW9TI,6XGYWDCLSQ3FC
WZJVK,WZJVKDLJSPQC,WZJ,WZ,WZJVKDLJSPQCF,WZJVKDL,WZJVKDLJSP,WZJVKDLJSPQCF,WZJVKDLJSPQCFK8KUZ7N,WZJVKDLJSPQCF
1LJG5,1LJG59ASXCMX,1LJ,1L,1LJG59ASXCMX4,1LJG59A,1LJG59ASXC,1LJG59ASXCMX4,1LJG59ASXCMX4GPATGWS,1LJG59ASXCMX4
5BNKS,5BNKSFRHTK67,5BN,5B,5BNKSFRHTK67J,5BNKSFR,5BNKSFRHTK,5BNKSFRHTK67J,5BNKSFRHTK67JCOFUPEF,5BNKSFRHTK67J
R0K56,R0K568H7CH2D,R0K,R0,R0K568H7CH2DI,R0K568H,R0K568H7CH,R0K568H7CH2DI,R0K568H7CH2DIZUMVM7D,R0K568H7CH2DI
GX7KM,GX7KMQ20IH80,GX7,GX,GX7KMQ20IH80O,GX7KMQ2,GX7KMQ20IH,GX7KMQ20IH80O,GX7KMQ20IH80OXROK15S,GX7KMQ20IH80O
9P9LR,9P9LRL3NIJO4,9P9,9P,9P9LRL3NIJO4I,9P9LRL3,9P9LRL3NIJ,9P9LRL3NIJO4I,9P9LRL3NIJO4I9CPYDKD,9P9LRL3NIJO4I
STZY8,STZY8TNP7XFT,STZ,ST,STZY8TNP7XFTF,STZY8TN,STZY8TNP7X,STZY8TNP7XFTF,STZY8TNP7XFTFU6GKRI3,STZY8TNP7XFTF
92JI0,92JI03A47UII,92J,92,92JI03A47UII2,92JI03A,92JI03A47U,92JI03A47UII2,92JI03A47UII2VXQ6QDX,92JI03A47UII2
BAJM4,BAJM4M1TLKBC,BAJ,BA,BAJM4M1TLKBCS,BAJM4M1,BAJM4M1TLK,BAJM4M1TLKBCS,BAJM4M1TLKBCSXCTRZ1A,BAJM4M1TLKBCS
F8BXG,F8BXGY7BQKBH,F8B,F8,F8BXGY7BQKBHK,F8BXGY7,F8BXGY7BQK,F8BXGY7BQKBHK,F8BXGY7BQKBHKP09MXJ2,F8BXGY7BQKBHK
7HC07,7HC07QYW90PJ,7HC,7H,7HC07QYW90PJW,7HC07QY,7HC07QYW90,7HC07QYW90PJW,7HC07QYW90PJWI4OFDMG,7HC07QYW90PJW
XRO5A,XRO5A0AFMWIN,XRO,XR,XRO5A0AFMWIN3,XRO5A0A,XRO5A0AFMW,XRO5A0AFMWIN3,XRO5A0AFMWIN3VAFKC11,XRO5A0AFMWIN3
B5CIJ,B5CIJUYW1IY5,B5C,B5,B5CIJUYW1IY53,B5CIJUY,B5CIJUYW1I,B5CIJUYW1IY53,B5CIJUYW1IY53AIX0946,B5CIJUYW1IY53
